,id,id_str,full_text,source,source_url,retweet_count,favorite_count,lang,full_text_lemmatiz,sentiment,polarity,sentiment_analysis
0,1465948889761173507,1465948889761173507,explosive—we learn trump tested positive covid days first debate joe biden says former chief staff mark meadows—positive test sept th day wh’s infamous superspreading scotus nominating event,Twitter for iPhone,http://twitter.com/download/iphone,5273,11800,en,"['explosive—we', 'learn', 'trump', 'tested', 'positive', 'covid', 'day', 'first', 'debate', 'joe', 'biden', 'say', 'former', 'chief', 'staff', 'mark', 'meadows—positive', 'test', 'sept', 'th', 'day', 'wh’s', 'infamous', 'superspreading', 'scotus', 'nominating', 'event']",0.46969696969696967,-0.005681818181818177,NEGATIVE
1,1466046988500230146,1466046988500230146,learn wise guy mocked joe biden presidential debate wearing mask… first tested positive covid days debate can’t make,Twitter for iPhone,http://twitter.com/download/iphone,1964,6256,en,"['learn', 'wise', 'guy', 'mocked', 'joe', 'biden', 'presidential', 'debate', 'wearing', 'mask…', 'first', 'tested', 'positive', 'covid', 'day', 'debate', 'can’t', 'make']",0.592929292929293,0.3924242424242424,POSITIVE
2,1466089777938280452,1466089777938280452,covid update total tests conducted last hrs new cases represents positivity rate covid related deaths reported bringing total fatalities date see,Hootsuite Inc.,https://www.hootsuite.com,593,624,en,"['covid', 'update', 'total', 'test', 'conducted', 'last', 'hr', 'new', 'case', 'represents', 'positivity', 'rate', 'covid', 'related', 'death', 'reported', 'bringing', 'total', 'fatality', 'date', 'see']",0.48424242424242425,0.02727272727272727,POSITIVE
3,1466385507298983942,1466385507298983942,early south african data say omicron amp reinfection seeing increase reinfection or…,Twitter Web App,https://mobile.twitter.com,44,0,en,"['early', 'south', 'african', 'data', 'say', 'omicron', 'amp', 'reinfection', 'seeing', 'increase', 'reinfection', 'or…']",0.15,0.05,POSITIVE
4,1466385504690008070,1466385504690008070,largestvaccinedrive achieves another milestone crore covid vaccine administered far amp counting modihaitomu…,Twitter for Android,http://twitter.com/download/android,41,0,en,"['largestvaccinedrive', 'achieves', 'another', 'milestone', 'crore', 'covid', 'vaccine', 'administered', 'far', 'amp', 'counting', 'modihaitomu…']",1.0,0.1,POSITIVE
5,1466385500118425614,1466385500118425614,join great team experts today pm talk omicron covid variant need know abo…,Twitter for iPhone,http://twitter.com/download/iphone,5,0,en,"['join', 'great', 'team', 'expert', 'today', 'pm', 'talk', 'omicron', 'covid', 'variant', 'need', 'know', 'abo…']",0.75,0.8,POSITIVE
6,1466385480073682956,1466385480073682956,thread handling international arrivals even covid time well organised passengers…,Twitter Web App,https://mobile.twitter.com,5,0,en,"['thread', 'handling', 'international', 'arrival', 'even', 'covid', 'time', 'well', 'organised', 'passengers…']",0.0,0.0,ZERO
7,1466385476680654852,1466385476680654852,covid ‘good news’ emerges latest omicron data regarding severity illness antibodies,Twitter for iPhone,http://twitter.com/download/iphone,8,0,en,"['covid', '‘good', 'news’', 'emerges', 'latest', 'omicron', 'data', 'regarding', 'severity', 'illness', 'antibody']",0.75,0.6,POSITIVE
8,1466385475950694402,1466385475950694402,सबका साथ सबका प्रयास yet another proud moment every indian nation hits crore vaccination mark as…,Twitter for Android,http://twitter.com/download/android,42,0,en,"['सबका', 'साथ', 'सबका', 'प्रयास', 'yet', 'another', 'proud', 'moment', 'every', 'indian', 'nation', 'hit', 'crore', 'vaccination', 'mark', 'as…']",1.0,0.8,POSITIVE
9,1466385475094990857,1466385475094990857,imbert big data help fight covid trinidad tobago newsday finance minister colm imbemade comments spoke second day virtual untt big data forum wednesday big data bigdata cdo cto,dlvr.it,https://dlvrit.com/,0,0,en,"['imbert', 'big', 'data', 'help', 'fight', 'covid', 'trinidad', 'tobago', 'newsday', 'finance', 'minister', 'colm', 'imbemade', 'comment', 'spoke', 'second', 'day', 'virtual', 'untt', 'big', 'data', 'forum', 'wednesday', 'big', 'data', 'bigdata', 'cdo', 'cto']",0.07500000000000001,0.0,ZERO
10,1466385472712679430,1466385472712679430,kerala number new covid cases today tpr,Twitter for iPhone,http://twitter.com/download/iphone,0,0,en,"['kerala', 'number', 'new', 'covid', 'case', 'today', 'tpr']",0.45454545454545453,0.13636363636363635,POSITIVE
11,1466385472263917569,1466385472263917569,lokeshsharma rajasthan coronaupdate covid cases reported jaipur todays recovered cases dist…,Twitter for Android,http://twitter.com/download/android,109,0,en,"['lokeshsharma', 'rajasthan', 'coronaupdate', 'covid', 'case', 'reported', 'jaipur', 'today', 'recovered', 'case', 'dist…']",0.0,0.0,ZERO
12,1466385469457907712,1466385469457907712,covid highlighted vulnerability communities especially already affected humanitarian crises to…,Twitter Web App,https://mobile.twitter.com,35,0,en,"['covid', 'highlighted', 'vulnerability', 'community', 'especially', 'already', 'affected', 'humanitarian', 'crisis', 'to…']",1.0,0.0,ZERO
13,1466385468971532295,1466385468971532295,confused youll qualify booster jab dont worry govt seems science minister …,Twitter for iPhone,http://twitter.com/download/iphone,89,0,en,"['confused', 'youll', 'qualify', 'booster', 'jab', 'dont', 'worry', 'govt', 'seems', 'science', 'minister', '…']",0.7,-0.4,NEGATIVE
14,1466385464378773505,1466385464378773505,things plebs like us denied greater good things never replicated births deat…,Twitter for Android,http://twitter.com/download/android,84,0,en,"['thing', 'pleb', 'like', 'u', 'denied', 'greater', 'good', 'thing', 'never', 'replicated', 'birth', 'deat…']",0.55,0.6,POSITIVE
15,1466385458951331846,1466385458951331846,south korea one vaccinated countries world reports new covid cases highest …,Twitter for Android,http://twitter.com/download/android,3540,0,en,"['south', 'korea', 'one', 'vaccinated', 'country', 'world', 'report', 'new', 'covid', 'case', 'highest', '…']",0.45454545454545453,0.13636363636363635,POSITIVE
16,1466385454832488448,1466385454832488448,learn wise guy mocked joe biden presidential debate wearing mask… first tested po…,Twitter Web App,https://mobile.twitter.com,1964,0,en,"['learn', 'wise', 'guy', 'mocked', 'joe', 'biden', 'presidential', 'debate', 'wearing', 'mask…', 'first', 'tested', 'po…']",0.6166666666666667,0.475,POSITIVE
17,1466385453234495493,1466385453234495493,twitter man apparently unvaxxed immune omicron ignoring fact seems originated region low vax rates critical thinking dead good news early findings seem indicate mild infectious covid,Twitter for Android,http://twitter.com/download/android,0,0,en,"['twitter', 'man', 'apparently', 'unvaxxed', 'immune', 'omicron', 'ignoring', 'fact', 'seems', 'originated', 'region', 'low', 'vax', 'rate', 'critical', 'thinking', 'dead', 'good', 'news', 'early', 'finding', 'seem', 'indicate', 'mild', 'infectious', 'covid']",0.4642857142857143,0.14047619047619045,POSITIVE
18,1466385453192523777,1466385453192523777,covid policies debarring children vaccination backfire us need think sending them…,Twitter for Android,http://twitter.com/download/android,2,0,en,"['covid', 'policy', 'debarring', 'child', 'vaccination', 'backfire', 'u', 'need', 'think', 'sending', 'them…']",0.0,0.0,ZERO
19,1466385453054111744,1466385453054111744,covid ‘good news’ emerges latest omicron data regarding severity illness antibodies,Twitter for iPhone,http://twitter.com/download/iphone,8,0,en,"['covid', '‘good', 'news’', 'emerges', 'latest', 'omicron', 'data', 'regarding', 'severity', 'illness', 'antibody']",0.75,0.6,POSITIVE
20,1466385452743770115,1466385452743770115,covid omicron variant netherlands earlier thought mmm judging discrimination wrought south…,Twitter for Android,http://twitter.com/download/android,40,0,en,"['covid', 'omicron', 'variant', 'netherlands', 'earlier', 'thought', 'mmm', 'judging', 'discrimination', 'wrought', 'south…']",0.5,0.0,ZERO
21,1466385443285397507,1466385443285397507,two cases omicronvarient reported country far cases karnataka lav agarwal joint secretary…,Twitter for Android,http://twitter.com/download/android,50,0,en,"['two', 'case', 'omicronvarient', 'reported', 'country', 'far', 'case', 'karnataka', 'lav', 'agarwal', 'joint', 'secretary…']",1.0,0.1,POSITIVE
22,1466385439997235206,1466385439997235206,terrifying deadly politicians would absolutely locked houses permanentl…,Twitter for iPhone,http://twitter.com/download/iphone,739,0,en,"['terrifying', 'deadly', 'politician', 'would', 'absolutely', 'locked', 'house', 'permanentl…']",0.7666666666666666,-0.3333333333333333,NEGATIVE
23,1466385438558543873,1466385438558543873,coronavirus keep updated safe kind careful vaccinated covid corona,Twitter Web App,https://mobile.twitter.com,2,0,en,"['coronavirus', 'keep', 'updated', 'safe', 'kind', 'careful', 'vaccinated', 'covid', 'corona']",0.7999999999999999,0.3333333333333333,POSITIVE
24,1466385438113873921,1466385438113873921,news virginia labs screen previous coronavirus positive tests omicron variant wtop news coronavirus covid ncov,dlvr.it,https://dlvrit.com/,0,0,en,"['news', 'virginia', 'lab', 'screen', 'previous', 'coronavirus', 'positive', 'test', 'omicron', 'variant', 'wtop', 'news', 'coronavirus', 'covid', 'ncov']",0.356060606060606,0.030303030303030304,POSITIVE
25,1466385435601485825,1466385435601485825,two passengers arrived singapore south africa sia flight tested “preliminarily positive”…,Twitter for iPhone,http://twitter.com/download/iphone,83,0,en,"['two', 'passenger', 'arrived', 'singapore', 'south', 'africa', 'sia', 'flight', 'tested', '“preliminarily', 'positive”…']",0.5454545454545454,0.22727272727272727,POSITIVE
26,1466385433789673474,1466385433789673474,update newly detected covid cases last hrs bmc area st december till,Twitter for Android,http://twitter.com/download/android,7,0,en,"['update', 'newly', 'detected', 'covid', 'case', 'last', 'hr', 'bmc', 'area', 'st', 'december', 'till']",0.2606060606060606,0.06818181818181818,POSITIVE
27,1466385433336565766,1466385433336565766,सबका साथ सबका प्रयास yet another proud moment every indian nation hits crore vaccination mark as…,Twitter Web App,https://mobile.twitter.com,42,0,en,"['सबका', 'साथ', 'सबका', 'प्रयास', 'yet', 'another', 'proud', 'moment', 'every', 'indian', 'nation', 'hit', 'crore', 'vaccination', 'mark', 'as…']",1.0,0.8,POSITIVE
28,1466385433294606340,1466385433294606340,deodhar another feather hat pm ji india successfully administers crore vaccine doses let us to…,Twitter for Android,http://twitter.com/download/android,21,0,en,"['deodhar', 'another', 'feather', 'hat', 'pm', 'ji', 'india', 'successfully', 'administers', 'crore', 'vaccine', 'dos', 'let', 'u', 'to…']",0.95,0.75,POSITIVE
29,1466385432459956230,1466385432459956230,news covid status update marin county coronavirus information coronavirus covid ncov,dlvr.it,https://dlvrit.com/,0,0,en,"['news', 'covid', 'status', 'update', 'marin', 'county', 'coronavirus', 'information', 'coronavirus', 'covid', 'ncov']",0.0,0.0,ZERO
30,1466385426256515076,1466385426256515076,outbreaks justpublished threat assessment brief implications emergence spread sarscov b vari…,Twitter Web App,https://mobile.twitter.com,7,0,en,"['outbreak', 'justpublished', 'threat', 'assessment', 'brief', 'implication', 'emergence', 'spread', 'sarscov', 'b', 'vari…']",0.3333333333333333,0.0,ZERO
31,1466385424188911624,1466385424188911624,removes jordan namibia list countries travel restrictions lifted co…,Twitter for Android,http://twitter.com/download/android,4,0,en,"['remove', 'jordan', 'namibia', 'list', 'country', 'travel', 'restriction', 'lifted', 'co…']",0.0,0.0,ZERO
32,1466385419189293057,1466385419189293057,findings womencounts new report measuring shadow pandemic violence women covid revealed women feeling less safe home conflict domestic violence increased days,Hootsuite Inc.,https://www.hootsuite.com,0,0,en,"['finding', 'womencounts', 'new', 'report', 'measuring', 'shadow', 'pandemic', 'violence', 'woman', 'covid', 'revealed', 'woman', 'feeling', 'le', 'safe', 'home', 'conflict', 'domestic', 'violence', 'increased', 'day']",0.28030303030303033,0.11742424242424243,POSITIVE
33,1466385418329501703,1466385418329501703,two years covid pandemic new challenges arising easy despair important remember weve achieved progress making around globe community health centres like charteroak continue lead way forward,Twitter Web App,https://mobile.twitter.com,0,0,en,"['two', 'year', 'covid', 'pandemic', 'new', 'challenge', 'arising', 'easy', 'despair', 'important', 'remember', 'weve', 'achieved', 'progress', 'making', 'around', 'globe', 'community', 'health', 'centre', 'like', 'charteroak', 'continue', 'lead', 'way', 'forward']",0.7626262626262627,0.32323232323232326,POSITIVE
34,1466385409278025730,1466385409278025730,day covid deaths per k population county ks covid insights analytics team usafacts datavisualization datascience analytics health data covid publichealth covid omicron globalhealth,smcapplication,http://www.suttersmillcapital.com,0,0,en,"['day', 'covid', 'death', 'per', 'k', 'population', 'county', 'k', 'covid', 'insight', 'analytics', 'team', 'usafacts', 'datavisualization', 'datascience', 'analytics', 'health', 'data', 'covid', 'publichealth', 'covid', 'omicron', 'globalhealth']",0.0,0.0,ZERO
35,1466385407873110020,1466385407873110020,“south africa talks amp gain access covid antiviral pills wants one potentially produce south africa… merck amp pfizer seeking approval fda emergency use pills…” compliance ip,Twitter for iPhone,http://twitter.com/download/iphone,0,0,en,"['“south', 'africa', 'talk', 'amp', 'gain', 'access', 'covid', 'antiviral', 'pill', 'want', 'one', 'potentially', 'produce', 'south', 'africa…', 'merck', 'amp', 'pfizer', 'seeking', 'approval', 'fda', 'emergency', 'use', 'pills…”', 'compliance', 'ip']",0.55,0.1,POSITIVE
36,1466385407411634182,1466385407411634182,truth seekers link thread keeping secrets always cause ask “why” never stop ask…,Twitter for iPhone,http://twitter.com/download/iphone,1,0,en,"['truth', 'seeker', 'link', 'thread', 'keeping', 'secret', 'always', 'cause', 'ask', '“why”', 'never', 'stop', 'ask…']",0.0,0.0,ZERO
37,1466385405117358083,1466385405117358083,rate things going government called covid virus variants definitely heading lockdowns restrictions yall gonna let using fear maneuver delta omicron alpha kappa omega……,Twitter for iPhone,http://twitter.com/download/iphone,0,0,en,"['rate', 'thing', 'going', 'government', 'called', 'covid', 'virus', 'variant', 'definitely', 'heading', 'lockdown', 'restriction', 'yall', 'gonna', 'let', 'using', 'fear', 'maneuver', 'delta', 'omicron', 'alpha', 'kappa', 'omega……']",0.5,0.0,ZERO
38,1466385401698938881,1466385401698938881,politicisation “corruption” suppression science almost bad perversion science purposes spreading misinformation profit covid vaccinessavelives,Twitter Web App,https://mobile.twitter.com,0,0,en,"['politicisation', '“corruption”', 'suppression', 'science', 'almost', 'bad', 'perversion', 'science', 'purpose', 'spreading', 'misinformation', 'profit', 'covid', 'vaccinessavelives']",0.6666666666666666,-0.6999999999999998,NEGATIVE
39,1466385400365207556,1466385400365207556,handeerçel kerembürsın winner successful series sold countries theres series in…,Twitter for iPhone,http://twitter.com/download/iphone,27,0,en,"['handeerçel', 'kerembürsın', 'winner', 'successful', 'series', 'sold', 'country', 'there', 'series', 'in…']",0.95,0.75,POSITIVE
40,1466385398851121168,1466385398851121168,eval stepping response endchildmarriage covid joint repoby eval amp unicef assesses global programme…,Twitter for iPhone,http://twitter.com/download/iphone,2,0,en,"['eval', 'stepping', 'response', 'endchildmarriage', 'covid', 'joint', 'repoby', 'eval', 'amp', 'unicef', 'ass', 'global', 'programme…']",0.0,0.0,ZERO
41,1466385397743853576,1466385397743853576,entebbe international airpohas robotics covid disinfectant sanitation systemultra modern development ⁦⁩…,Twitter for Android,http://twitter.com/download/android,8,0,en,"['entebbe', 'international', 'airpohas', 'robotics', 'covid', 'disinfectant', 'sanitation', 'systemultra', 'modern', 'development', '\u2066\u2069…']",0.15,0.1,POSITIVE
42,1466385393423720456,1466385393423720456,gov newsom family vacation k per night cabo san lucas villa retaining ‘emergency powers’ california c…,Twitter Web App,https://mobile.twitter.com,1,0,en,"['gov', 'newsom', 'family', 'vacation', 'k', 'per', 'night', 'cabo', 'san', 'lucas', 'villa', 'retaining', '‘emergency', 'powers’', 'california', 'c…']",0.0,0.0,ZERO
43,1466385389615300608,1466385389615300608,director kauerauf say great confidence reviewing public health literature amp look…,Twitter for iPhone,http://twitter.com/download/iphone,38,0,en,"['director', 'kauerauf', 'say', 'great', 'confidence', 'reviewing', 'public', 'health', 'literature', 'amp', 'look…']",0.4083333333333333,0.4,POSITIVE
44,1466385389367672832,1466385389367672832,social amp cultural events conferences seminars academic events etc educational institutions may postponed f…,Twitter for Android,http://twitter.com/download/android,51,0,en,"['social', 'amp', 'cultural', 'event', 'conference', 'seminar', 'academic', 'event', 'etc', 'educational', 'institution', 'may', 'postponed', 'f…']",0.10416666666666667,0.09583333333333333,POSITIVE
45,1466385386968690689,1466385386968690689,extraordinary hear dr david spiegelhalter say rtoday governments libertarian approach ie lifting c…,Twitter for iPhone,http://twitter.com/download/iphone,358,0,en,"['extraordinary', 'hear', 'dr', 'david', 'spiegelhalter', 'say', 'rtoday', 'government', 'libertarian', 'approach', 'ie', 'lifting', 'c…']",1.0,0.3333333333333333,POSITIVE
46,1466385383420162053,1466385383420162053,malaysia thu dec covid update live update cases cities amp areas …,Twitter for Android,http://twitter.com/download/android,11,0,en,"['malaysia', 'thu', 'dec', 'covid', 'update', 'live', 'update', 'case', 'city', 'amp', 'area', '…']",0.5,0.13636363636363635,POSITIVE
47,1466385381084041234,1466385381084041234,ever think realised austerity would cause much death dwp cuts cuts meant record breaking backlog eve…,Twitter for Android,http://twitter.com/download/android,4,0,en,"['ever', 'think', 'realised', 'austerity', 'would', 'cause', 'much', 'death', 'dwp', 'cut', 'cut', 'meant', 'record', 'breaking', 'backlog', 'eve…']",0.2,0.2,POSITIVE
48,1466385380387741697,1466385380387741697,private insurance able get reimbursed home rapid tests… another reason universalhealthcare covid rapidtesting,Twitter for iPhone,http://twitter.com/download/iphone,0,0,en,"['private', 'insurance', 'able', 'get', 'reimbursed', 'home', 'rapid', 'tests…', 'another', 'reason', 'universalhealthcare', 'covid', 'rapidtesting']",0.5,0.25,POSITIVE
49,1466385379951407111,1466385379951407111,omicron variant shows need rapid covid tests news covid covid omicron,Twitter for Android,http://twitter.com/download/android,0,0,en,"['omicron', 'variant', 'show', 'need', 'rapid', 'covid', 'test', 'news', 'covid', 'covid', 'omicron']",0.0,0.0,ZERO
50,1466385379330650116,1466385379330650116,india marches ahead another milestone fight covid indiafightscorona,Twitter for Android,http://twitter.com/download/android,153,0,en,"['india', 'march', 'ahead', 'another', 'milestone', 'fight', 'covid', 'indiafightscorona']",0.0,0.0,ZERO
51,1466385375887343616,1466385375887343616,bc thank excellent livetweet thread bc’s th briefing explain clearly…,Twitter for Android,http://twitter.com/download/android,24,0,en,"['bc', 'thank', 'excellent', 'livetweet', 'thread', 'bc’s', 'th', 'briefing', 'explain', 'clearly…']",1.0,1.0,POSITIVE
52,1466385369574756361,1466385369574756361,children getting vaccinated probably weak link fighting covid delayed vaccination f…,Twitter for Android,http://twitter.com/download/android,28,0,en,"['child', 'getting', 'vaccinated', 'probably', 'weak', 'link', 'fighting', 'covid', 'delayed', 'vaccination', 'f…']",0.625,-0.375,NEGATIVE
53,1466385367934849024,1466385367934849024,official happening opening africanecon new amp innovative ways finance africa’s postcovid development …,Twitter for Android,http://twitter.com/download/android,2,0,en,"['official', 'happening', 'opening', 'africanecon', 'new', 'amp', 'innovative', 'way', 'finance', 'africa’s', 'postcovid', 'development', '…']",0.7272727272727273,0.3181818181818182,POSITIVE
54,1466385364092809219,1466385364092809219,social amp cultural events conferences seminars academic events etc educational institutions may postponed f…,Twitter for iPhone,http://twitter.com/download/iphone,51,0,en,"['social', 'amp', 'cultural', 'event', 'conference', 'seminar', 'academic', 'event', 'etc', 'educational', 'institution', 'may', 'postponed', 'f…']",0.10416666666666667,0.09583333333333333,POSITIVE
55,1466385361391792131,1466385361391792131,covid shone light many flaws global system protect people pandemics vulnerable peop…,Twitter for iPhone,http://twitter.com/download/iphone,28,0,en,"['covid', 'shone', 'light', 'many', 'flaw', 'global', 'system', 'protect', 'people', 'pandemic', 'vulnerable', 'peop…']",0.425,0.1,POSITIVE
56,1466385360620036103,1466385360620036103,per protocols primary secondary contacts traced tested told press briefing india covid omicronvariant kuwaittimes kuwaitnews kuwait,Twitter Web App,https://mobile.twitter.com,0,0,en,"['per', 'protocol', 'primary', 'secondary', 'contact', 'traced', 'tested', 'told', 'press', 'briefing', 'india', 'covid', 'omicronvariant', 'kuwaittimes', 'kuwaitnews', 'kuwait']",0.4,0.05000000000000002,POSITIVE
57,1466385359756042249,1466385359756042249,wales mark drakeford shows contempt feels serves “let’s hope one bright enough ask i…,Twitter for iPhone,http://twitter.com/download/iphone,663,0,en,"['wale', 'mark', 'drakeford', 'show', 'contempt', 'feel', 'serf', '“let’s', 'hope', 'one', 'bright', 'enough', 'ask', 'i…']",0.6499999999999999,0.35000000000000003,POSITIVE
58,1466385356983455746,1466385356983455746,cases omicron variant reported country far cases karnataka lav agarwal joint secretary union he…,Twitter for Android,http://twitter.com/download/android,3,0,en,"['case', 'omicron', 'variant', 'reported', 'country', 'far', 'case', 'karnataka', 'lav', 'agarwal', 'joint', 'secretary', 'union', 'he…']",1.0,0.1,POSITIVE
59,1466385355821645832,1466385355821645832,akhanda releasing tomorrow first biggie tollywood covid nd wave best natasimham nandamuribal…,Twitter for Android,http://twitter.com/download/android,1220,0,en,"['akhanda', 'releasing', 'tomorrow', 'first', 'biggie', 'tollywood', 'covid', 'nd', 'wave', 'best', 'natasimham', 'nandamuribal…']",0.31666666666666665,0.625,POSITIVE
60,1466385337702309891,1466385337702309891,dr professor epidemiology university toronto calls bcs policy covid exposures postsecond…,Twitter for Android,http://twitter.com/download/android,60,0,en,"['dr', 'professor', 'epidemiology', 'university', 'toronto', 'call', 'bcs', 'policy', 'covid', 'exposure', 'postsecond…']",0.0,0.0,ZERO
61,1466385333793300481,1466385333793300481,worldaidsday prince harry joining who’s call health vaccinequity end two pandemics hiv covid end in…,Twitter for Android,http://twitter.com/download/android,360,0,en,"['worldaidsday', 'prince', 'harry', 'joining', 'who’s', 'call', 'health', 'vaccinequity', 'end', 'two', 'pandemic', 'hiv', 'covid', 'end', 'in…']",0.0,0.0,ZERO
62,1466385333075931141,1466385333075931141,covidvariantalert amid omicron threat government india issues new travel guidelines international flyers omicro…,Twitter for Android,http://twitter.com/download/android,13,0,en,"['covidvariantalert', 'amid', 'omicron', 'threat', 'government', 'india', 'issue', 'new', 'travel', 'guideline', 'international', 'flyer', 'omicro…']",0.22727272727272727,0.06818181818181818,POSITIVE
63,1466385327573057536,1466385327573057536,ahlawat whatsapp post made thinking covid omicronvarient omicron omikron vaccinated vaccinatieplicht vaccines…,Twitter Web App,https://mobile.twitter.com,4,0,en,"['ahlawat', 'whatsapp', 'post', 'made', 'thinking', 'covid', 'omicronvarient', 'omicron', 'omikron', 'vaccinated', 'vaccinatieplicht', 'vaccines…']",0.0,0.0,ZERO
64,1466385314671435782,1466385314671435782,early data indicates omicron variant similar delta terms transmissibility perhaps even less contagious so…,Twitter for Android,http://twitter.com/download/android,41,0,en,"['early', 'data', 'indicates', 'omicron', 'variant', 'similar', 'delta', 'term', 'transmissibility', 'perhaps', 'even', 'le', 'contagious', 'so…']",0.25555555555555554,-0.022222222222222216,NEGATIVE
65,1466385312758870027,1466385312758870027,considering certain initiatives restrict spread virus japan…,Twitter Web App,https://mobile.twitter.com,0,0,en,"['considering', 'certain', 'initiative', 'restrict', 'spread', 'virus', 'japan…']",0.5714285714285714,0.21428571428571427,POSITIVE
66,1466385312305664001,1466385312305664001,living glass house never throw stone rahul know didi upset non s…,Twitter for Android,http://twitter.com/download/android,63,0,en,"['living', 'glass', 'house', 'never', 'throw', 'stone', 'rahul', 'know', 'didi', 'upset', 'non', 's…']",0.0,0.0,ZERO
67,1466385312192479238,1466385312192479238,news st maintenance battalion st army suppocommand deployed army volunteers help farmers harvest crops…,Twitter for Android,http://twitter.com/download/android,758,0,en,"['news', 'st', 'maintenance', 'battalion', 'st', 'army', 'suppocommand', 'deployed', 'army', 'volunteer', 'help', 'farmer', 'harvest', 'crops…']",0.0,0.0,ZERO
68,1466385311798288388,1466385311798288388,revealed fully vaccinated patients show mild symptoms omicron infection botswana — nonvaccinated show symptom…,Twitter for Android,http://twitter.com/download/android,75,0,en,"['revealed', 'fully', 'vaccinated', 'patient', 'show', 'mild', 'symptom', 'omicron', 'infection', 'botswana', '—', 'nonvaccinated', 'show', 'symptom…']",0.5,0.3333333333333333,POSITIVE
69,1466385311617929219,1466385311617929219,shocking repoclaims kashmiri children lost parents covid sale indian markets,Twitter for Android,http://twitter.com/download/android,398,0,en,"['shocking', 'repoclaims', 'kashmiri', 'child', 'lost', 'parent', 'covid', 'sale', 'indian', 'market']",1.0,-1.0,NEGATIVE
70,1466385302373777415,1466385302373777415,direct relief’s us community health center free amp charitable clinic partners end december use…,Twitter for iPhone,http://twitter.com/download/iphone,1,0,en,"['direct', 'relief’s', 'u', 'community', 'health', 'center', 'free', 'amp', 'charitable', 'clinic', 'partner', 'end', 'december', 'use…']",0.525,0.25,POSITIVE
71,1466385300545024002,1466385300545024002,would vaccine cause damage hearts young people injures hearts older adults as…,Twitter for Android,http://twitter.com/download/android,1,0,en,"['would', 'vaccine', 'cause', 'damage', 'heart', 'young', 'people', 'injures', 'heart', 'older', 'adult', 'as…']",0.3666666666666667,0.13333333333333333,POSITIVE
72,1466385298095493120,1466385298095493120,campaign also focus directing ghanaians various vaccination centers watch interactive video learn covid vaccines share protect loved ones getvaccinatednow,Twitter for Android,http://twitter.com/download/android,0,0,en,"['campaign', 'also', 'focus', 'directing', 'ghanaians', 'various', 'vaccination', 'center', 'watch', 'interactive', 'video', 'learn', 'covid', 'vaccine', 'share', 'protect', 'loved', 'one', 'getvaccinatednow']",0.65,0.35,POSITIVE
73,1466385297994706946,1466385297994706946,justin high risk air passengers undergo rtpcr test arrival maharashtragovernment …,Twitter Web App,https://mobile.twitter.com,1,0,en,"['justin', 'high', 'risk', 'air', 'passenger', 'undergo', 'rtpcr', 'test', 'arrival', 'maharashtragovernment', '…']",0.5399999999999999,0.16,POSITIVE
74,1466385294253387776,1466385294253387776,सबका साथ सबका प्रयास yet another proud moment every indian nation hits crore vaccination mark as…,Twitter Web App,https://mobile.twitter.com,42,0,en,"['सबका', 'साथ', 'सबका', 'प्रयास', 'yet', 'another', 'proud', 'moment', 'every', 'indian', 'nation', 'hit', 'crore', 'vaccination', 'mark', 'as…']",1.0,0.8,POSITIVE
75,1466385293649453065,1466385293649453065,left virus alone would major countries reopened normal precovid life based herd immunity naturally occurring one wants shut big pharma cash making process,Twitter Web App,https://mobile.twitter.com,0,0,en,"['left', 'virus', 'alone', 'would', 'major', 'country', 'reopened', 'normal', 'precovid', 'life', 'based', 'herd', 'immunity', 'naturally', 'occurring', 'one', 'want', 'shut', 'big', 'pharma', 'cash', 'making', 'process']",0.2916666666666667,0.08541666666666665,POSITIVE
76,1466385292672176130,1466385292672176130,women country setting new benchmarks proving mettle every sphere matilda kullu asha worker fr…,Twitter for Android,http://twitter.com/download/android,93,0,en,"['woman', 'country', 'setting', 'new', 'benchmark', 'proving', 'mettle', 'every', 'sphere', 'matilda', 'kullu', 'asha', 'worker', 'fr…']",0.45454545454545453,0.13636363636363635,POSITIVE
77,1466385285202206725,1466385285202206725,hiv victories aids lessons covid worldaidsday worldaidsday …,Twitter for iPhone,http://twitter.com/download/iphone,1,0,en,"['hiv', 'victory', 'aid', 'lesson', 'covid', 'worldaidsday', 'worldaidsday', '…']",0.0,0.0,ZERO
78,1466385284107407368,1466385284107407368,yet another proud moment entire country march ahead another milestone fight covid…,Twitter for Android,http://twitter.com/download/android,17,0,en,"['yet', 'another', 'proud', 'moment', 'entire', 'country', 'march', 'ahead', 'another', 'milestone', 'fight', 'covid…']",0.8125,0.4,POSITIVE
79,1466385283306377219,1466385283306377219,countries need scale enhance efforts delta benefit omicron whatever way voc u…,Twitter for iPhone,http://twitter.com/download/iphone,31,0,en,"['country', 'need', 'scale', 'enhance', 'effort', 'delta', 'benefit', 'omicron', 'whatever', 'way', 'voc', 'u…']",0.0,0.0,ZERO
80,1466385277098901504,1466385277098901504,“ontario expand eligibility covid boosters adults older amid rising case counts” reasonable plan…,Twitter for iPad,http://twitter.com/#!/download/ipad,131,0,en,"['“ontario', 'expand', 'eligibility', 'covid', 'booster', 'adult', 'older', 'amid', 'rising', 'case', 'counts”', 'reasonable', 'plan…']",0.4666666666666667,0.18333333333333335,POSITIVE
81,1466385273349148677,1466385273349148677,december vaccination month paof measures combat misinformation covid encourage ghanaians get vaccinated,Twitter for Android,http://twitter.com/download/android,0,0,en,"['december', 'vaccination', 'month', 'paof', 'measure', 'combat', 'misinformation', 'covid', 'encourage', 'ghanaians', 'get', 'vaccinated']",0.0,0.0,ZERO
82,1466385271835049995,1466385271835049995,india media two covid omicron variant cases detected karnataka health ministry says december,Twitter Web App,https://mobile.twitter.com,3,0,en,"['india', 'medium', 'two', 'covid', 'omicron', 'variant', 'case', 'detected', 'karnataka', 'health', 'ministry', 'say', 'december']",0.0,0.0,ZERO
83,1466385265900068866,1466385265900068866,copyright intellectualpropertyrights patents covid joe wanted away property rights understand needs many wiegh wallets base amount base percentage would little nice take especially web,Twitter for Android,http://twitter.com/download/android,0,0,en,"['copyright', 'intellectualpropertyrights', 'patent', 'covid', 'joe', 'wanted', 'away', 'property', 'right', 'understand', 'need', 'many', 'wiegh', 'wallet', 'base', 'amount', 'base', 'percentage', 'would', 'little', 'nice', 'take', 'especially', 'web']",0.8333333333333334,-0.11458333333333336,NEGATIVE
84,1466385265279193090,1466385265279193090,im really proud sister making accountable mess sbp seri puteri covid pandemic m…,Twitter for iPhone,http://twitter.com/download/iphone,113,0,en,"['im', 'really', 'proud', 'sister', 'making', 'accountable', 'mess', 'sbp', 'seri', 'puteri', 'covid', 'pandemic', 'm…']",0.5875,0.3125,POSITIVE
85,1466385260065742852,1466385260065742852,new data omicron shows roll full mask mandate work home order end school earlier christ…,Twitter for Android,http://twitter.com/download/android,1,0,en,"['new', 'data', 'omicron', 'show', 'roll', 'full', 'mask', 'mandate', 'work', 'home', 'order', 'end', 'school', 'earlier', 'christ…']",0.5015151515151516,0.1621212121212121,POSITIVE
86,1466385259981856772,1466385259981856772,wales mark drakeford shows contempt feels serves “let’s hope one bright enough ask i…,Twitter Web App,https://mobile.twitter.com,663,0,en,"['wale', 'mark', 'drakeford', 'show', 'contempt', 'feel', 'serf', '“let’s', 'hope', 'one', 'bright', 'enough', 'ask', 'i…']",0.6499999999999999,0.35000000000000003,POSITIVE
87,1466385259336019973,1466385259336019973,extraordinary hear dr david spiegelhalter say rtoday governments libertarian approach ie lifting c…,Twitter for Android,http://twitter.com/download/android,358,0,en,"['extraordinary', 'hear', 'dr', 'david', 'spiegelhalter', 'say', 'rtoday', 'government', 'libertarian', 'approach', 'ie', 'lifting', 'c…']",1.0,0.3333333333333333,POSITIVE
88,1466385255309496321,1466385255309496321,increase functional ticlike behaviours children amp youth covid pandemic reported pa…,Hey OA,https://help.twitter.com/en/using-twitter/how-to-tweet#source-labels,2,0,en,"['increase', 'functional', 'ticlike', 'behaviour', 'child', 'amp', 'youth', 'covid', 'pandemic', 'reported', 'pa…']",0.0,0.0,ZERO
89,1466385252264382465,1466385252264382465,uae confirms first case covid omicron variant december ht shiloh covidvariant,Twitter Web App,https://mobile.twitter.com,3,0,en,"['uae', 'confirms', 'first', 'case', 'covid', 'omicron', 'variant', 'december', 'ht', 'shiloh', 'covidvariant']",0.3333333333333333,0.25,POSITIVE
90,1466385245373181955,1466385245373181955,africa’s problem hesitancy fact many healthcare systems ravaged privatisation ofte…,Twitter Web App,https://mobile.twitter.com,4,0,en,"['africa’s', 'problem', 'hesitancy', 'fact', 'many', 'healthcare', 'system', 'ravaged', 'privatisation', 'ofte…']",0.5,0.5,POSITIVE
91,1466385240113487876,1466385240113487876,women country setting new benchmarks proving mettle every sphere matilda kullu asha worker fr…,Twitter for Android,http://twitter.com/download/android,93,0,en,"['woman', 'country', 'setting', 'new', 'benchmark', 'proving', 'mettle', 'every', 'sphere', 'matilda', 'kullu', 'asha', 'worker', 'fr…']",0.45454545454545453,0.13636363636363635,POSITIVE
92,1466385240050606088,1466385240050606088,latest piece jane fieldhouse amp explores critical need understand and…,Twitter for iPhone,http://twitter.com/download/iphone,1,0,en,"['latest', 'piece', 'jane', 'fieldhouse', 'amp', 'explores', 'critical', 'need', 'understand', 'and…']",0.8500000000000001,0.25,POSITIVE
93,1466385236791603204,1466385236791603204,inter university dialogue around corner come lets share young people role fight of…,Twitter Web App,https://mobile.twitter.com,37,0,en,"['inter', 'university', 'dialogue', 'around', 'corner', 'come', 'let', 'share', 'young', 'people', 'role', 'fight', 'of…']",0.4,0.1,POSITIVE
94,1466385235751444481,1466385235751444481,point noted omicron omicronvarient covid,Naattuvartha,http://naattuvartha.byethost33.com,5,0,en,"['point', 'noted', 'omicron', 'omicronvarient', 'covid']",0.0,0.0,ZERO
95,1466385233033318400,1466385233033318400,point noted omicron omicronvarient covid,Twitter for Android,http://twitter.com/download/android,5,0,en,"['point', 'noted', 'omicron', 'omicronvarient', 'covid']",0.0,0.0,ZERO
96,1466385232387575816,1466385232387575816,trump test positive covid debate cv fake news many times happen covid,Twitter for Android,http://twitter.com/download/android,0,0,en,"['trump', 'test', 'positive', 'covid', 'debate', 'cv', 'fake', 'news', 'many', 'time', 'happen', 'covid']",0.6818181818181818,0.07575757575757576,POSITIVE
97,1466385227543203847,1466385227543203847,covid deaths wales falling recent weeks reductions hospital patients hopefully t…,Twitter for Android,http://twitter.com/download/android,12,0,en,"['covid', 'death', 'wale', 'falling', 'recent', 'week', 'reduction', 'hospital', 'patient', 'hopefully', 't…']",0.25,0.0,ZERO
98,1466385226750431234,1466385226750431234,man lied covid meeting gold star families disgusting,Twitter for Android,http://twitter.com/download/android,2,0,en,"['man', 'lied', 'covid', 'meeting', 'gold', 'star', 'family', 'disgusting']",1.0,-1.0,NEGATIVE
99,1466385226314264576,1466385226314264576,date country registered confirmed cases covid deaths current admissions stand bot…,Twitter for Android,http://twitter.com/download/android,10,0,en,"['date', 'country', 'registered', 'confirmed', 'case', 'covid', 'death', 'current', 'admission', 'stand', 'bot…']",0.7,0.2,POSITIVE
